Mortlach,123,Mortlach,State,UK,1234,adf543,http://www.mortlach.com/
Aberfeldy,Address,City,State,Country,Zip Code,Phone Number,Website URL
Aberfeldy,Address,City,State,Country,Zip Code,Phone Number,Website URL
Aberfeldy,Address,City,State,Country,Zip Code,Phone Number,Website URL
Aberfeldy,Address,City,State,Country,Zip Code,Phone Number,Website URL
Aberfeldy,Address,City,State,Country,Zip Code,Phone Number,Website URL
Aberfeldy,Address,City,State,Country,Zip Code,Phone Number,Website URL
Aberfeldy,Address,City,State,Country,Zip Code,Phone Number,Website URL
Aberfeldy,Address,City,State,Country,Zip Code,Phone Number,Website URL
Aberfeldy,Address,City,State,Country,Zip Code,Phone Number,Website URL
Aberfeldy,Address,City,State,Country,Zip Code,Phone Number,Website URL
Aberfeldy,Address,City,State,Country,Zip Code,Phone Number,Website URL
Aberfeldy,Address,City,State,Country,Zip Code,Phone Number,Website URL
Aberfeldy,Address,City,State,Country,Zip Code,Phone Number,Website URL
Aberfeldy,Address,City,State,Country,Zip Code,Phone Number,Website URL
Aberfeldy,Address,City,State,Country,Zip Code,Phone Number,Website URL
Aberfeldy,Address,City,State,Country,Zip Code,Phone Number,Website URL
Aberfeldy,Address,City,State,Country,Zip Code,Phone Number,Website URL
Aberfeldy,Address,City,State,Country,Zip Code,Phone Number,Website URL
Aberfeldy,Address,City,State,Country,Zip Code,Phone Number,Website URL
Aberfeldy,Address,City,State,Country,Zip Code,Phone Number,Website URL
Aberfeldy,Address,City,State,Country,Zip Code,Phone Number,Website URL
Aberfeldy,Address,City,State,Country,Zip Code,Phone Number,Website URL
Mortlach,123,Mortlach,State,UK,1234,adf543,http://www.mortlach.com/
